method,Magnitude MSE,Magnitude MSE std,Dcorr MSE,Dcorr MSE std
Linear Model,0.7731322600639459,0.02308589597356309,0.09334967752637362,0.0026236363115591573
GEARS,0.8518769914468172,0.0124572018821725,0.07090453858471038,0.0015367606301333364
scGPT,0.8404456804240856,0.019905121418232898,0.09650282331744262,0.0021867358877742825
GeneCompass,0.7993758163329076,0.023725048440544023,0.07840569088573399,0.002242573886017585
scFoundation,0.6822752106259944,0.0165672576083394,0.07197600776548688,0.0008955548688871979
AIDO.Cell,0.6862748802254435,0.010711842338582862,0.07825900330488368,0.0009933337660230927
scFoundation+Ours,0.4836906413087637,0.0047432450494472285,0.06394624802843754,0.0016009146056873487
AIDO.Cell+Ours,0.5405689061121878,0.012094400980657442,0.05997120677709935,0.0012283411479338446
